<?xml version="1.0" encoding="UTF-8" ?>
<!DOCTYPE  mapper PUBLIC "-//mybatis.org//DTD Mapper 3.0//EN" "http://mybatis.org/dtd/mybatis-3-mapper.dtd" >
<mapper namespace="com.zxl.mapper.TestDataMapper">
	<resultMap id="BaseResultMap" type="com.zxl.entity.TestData">
            <result column="id" property="id" />
	        <result column="name" property="name" />
		</resultMap>  
    
    <!-- 表字段 -->
    <sql id="baseColumns">
         t.id
        , t.name
        </sql> 
    
    <!-- 查询全部 -->
    <select id="listAll" resultMap="BaseResultMap">
		SELECT         
        	<include refid="baseColumns" />
		FROM test_data t
	</select>
 
 	<!-- 根据主键获取单条记录 -->
    <select id="getById" resultMap="BaseResultMap" parameterType="Long">
		SELECT         
        	<include refid="baseColumns" />
		FROM test_data t
		WHERE id = #{id}
	</select>

	<!-- 插入全部字段 -->
    <insert id="insert" parameterType="com.zxl.entity.TestData"
		keyProperty="id" keyColumn="id" useGeneratedKeys="true"
    >
	INSERT INTO test_data
    <trim prefix="(" suffix=")" suffixOverrides=",">	 
        	    	id,
    	        	    	name,
    	        </trim>
    <trim prefix="VALUES (" suffix=")" suffixOverrides=",">            
        	        #{id},                   
    	        	        #{name},                   
    	        </trim>
	</insert>
    
    <!-- 插入不为NULL的字段 -->
    <insert id="insertIgnoreNull" parameterType="com.zxl.entity.TestData"
        keyProperty="id" keyColumn="id" useGeneratedKeys="true"
        >
        INSERT INTO test_data    
        <trim prefix="(" suffix=")" suffixOverrides=",">	 

                                                <if test="id != null">
                   id,
                    </if>
                                                                <if test="name != null">
                   name,
                    </if>
                                    </trim>
        <trim prefix="VALUES (" suffix=")" suffixOverrides=",">            
                                                <if test="id != null" >
                    #{id},                    
                    </if>
                                                                <if test="name != null" >
                    #{name},                    
                    </if>
                                    </trim>
    </insert>

	<!-- 更新,更新全部字段 -->
    <update id="update" parameterType="com.zxl.entity.TestData">
    UPDATE test_data
     <set>		
                                     name=#{name},        
                   </set>	
    WHERE id = #{id}
    </update>  
    
    
    <!-- 更新不为NULL的字段 -->
    <update id="updateIgnoreNull" parameterType="com.zxl.entity.TestData">
    UPDATE test_data
    <set>
    	                                                <if test="name != null" >
                name=#{name},                 
                </if>
                        </set>
    WHERE id = #{id}
    </update>

		
	<!-- 根据主键删除记录 -->
	<delete id="delete" parameterType="com.zxl.entity.TestData">
		UPDATE test_data
		SET is_deleted=1
		WHERE id = #{id}
	</delete>


</mapper>