{
  "data": [
    {
      "expression": "${pk}",
      "text": "",
      "children": [
        {
          "expression": "${pk.columnName}",
          "text": "主键表字段名"
        },
        {
          "expression": "${pk.type}",
          "text": "主键数据库类型"
        },
        {
          "expression": "${pk.javaFieldName}",
          "text": "主键java字段名"
        },
        {
          "expression": "${pk.javaFieldNameUF}",
          "text": "主键java字段名首字母大写"
        },
        {
          "expression": "${pk.javaType}",
          "text": "主键字段的java类型"
        },
        {
          "expression": "${pk.javaTypeBox}",
          "text": "主键字段装箱类型,如Integer"
        },
        {
          "expression": "${pk.isIdentity}",
          "text": "是否自增,返回boolean"
        },
        {
          "expression": "${pk.mybatisJdbcType}",
          "text": "mybatis的jdbcType"
        },
        {
          "expression": "${pk.comment}",
          "text": "主键字段注释"
        },
        {
          "expression": "${pk.label}",
          "text": "返回注释，没有则返回数据库字段名"
        }
      ]
    },
    {
      "expression": "${context}",
      "text": "",
      "children": [
        {
          "expression": "${context.author}",
          "text": "作者名"
        },
        {
          "expression": "${context.dbName}",
          "text": "数据库名"
        },
        {
          "expression": "${context.packageName}",
          "text": "包名"
        },
        {
          "expression": "${context.delPrefix}",
          "text": "删除前缀"
        },
        {
          "expression": "${context.javaBeanName}",
          "text": "Java类名"
        },
        {
          "expression": "${context.javaBeanNameLF}",
          "text": "Java类名且首字母小写"
        },
        {
          "expression": "${context.javaBeanNameL}",
          "text": "Java类名全部小写"
        },
        {
          "expression": "${context.javaBeanNameHB}",
          "text": "Java类名驼峰转横杠"
        },
        {
          "expression": "${context.datetime}",
          "text": "日期时间，年月日时分秒"
        },
        {
          "expression": "${context.date}",
          "text": "日期，年月日"
        },
        {
          "expression": "${context.time}",
          "text": "时间，时分秒"
        },
        {
          "expression": "${context.pkName}",
          "text": "表主键名"
        },
        {
          "expression": "${context.javaPkName}",
          "text": "表主键对应的java字段名"
        },
        {
          "expression": "${context.javaPkType}",
          "text": "主键的java类型"
        },
        {
          "expression": "${context.mybatisPkType}",
          "text": "主键对应的mybatis类型"
        },
        {
          "expression": "${context.randomInt}",
          "text": "int随机数"
        },
        {
          "expression": "${context.randomLong}",
          "text": "long随机数"
        },
        {
          "expression": "${context.randomBoolean}",
          "text": "boolean随机"
        },
        {
          "expression": "${context.uuid}",
          "text": "生成uuid"
        },
        {
          "expression": "${context.nextId}",
          "text": "生成唯一id，基于雪花算法"
        }
      ]
    },
    {
      "expression": "${table}",
      "text": "",
      "children": [
        {
          "expression": "${table.tableName}",
          "text": "数据库表名"
        },
        {
          "expression": "${table.comment}",
          "text": "表注释"
        },
        {
          "expression": "${table.schema}",
          "text": "PostgreSQL中的Schema"
        }
      ]
    },
    {
      "expression": "#foreach($column in $columns) #end",
      "text": "",
      "children": [
        {
          "expression": "${velocityCount}",
          "text": "foreach循环下标，从1开始"
        },
        {
          "expression": "${column.columnName}",
          "text": "表中字段名"
        },
        {
          "expression": "${column.columnNameLF}",
          "text": "表中字段名首字母小写"
        },
        {
          "expression": "${column.type}",
          "text": "字段的数据库类型"
        },
        {
          "expression": "${column.javaFieldName}",
          "text": "java字段名"
        },
        {
          "expression": "${column.javaFieldNameUF}",
          "text": "java字段名首字母大写"
        },
        {
          "expression": "${column.javaType}",
          "text": "字段的java类型"
        },
        {
          "expression": "${column.javaTypeBox}",
          "text": "字段装箱类型,如Integer"
        },
        {
          "expression": "${column.isIdentity}",
          "text": "是否自增,返回boolean"
        },
        {
          "expression": "${column.isPk}",
          "text": "是否主键,返回boolean"
        },
        {
          "expression": "${column.isIdentityPk}",
          "text": "是否自增主键,返回boolean"
        },
        {
          "expression": "${column.mybatisJdbcType}",
          "text": "mybatis的jdbcType"
        },
        {
          "expression": "${column.comment}",
          "text": "字段注释"
        },
        {
          "expression": "${column.label}",
          "text": "返回注释，没有则返回数据库字段名"
        },
        {
          "expression": "${column.maxLength}",
          "text": "字段长度"
        },
        {
          "expression": "${column.scale}",
          "text": "小数位长度"
        },
        {
          "expression": "${column.isNullable}",
          "text": "字段是否可空,返回boolean"
        }
      ]
    }
  ]
}
